file,num_samples,avg_news_len,avg_ref_len,avg_gen_len,std_gen_len,avg_ref_sents,avg_gen_sents,avg_compression,rouge1_f1,rouge1_f1_std,rouge2_f1,rouge2_f1_std,rougeL_f1,rougeL_f1_std
Lead-1_cnn_dailymail_summaries.jsonl,11490,694.574151,52.900870,25.675370,10.478703,3.855352,1.074238,0.047488,0.264021,0.121855,0.094139,0.096158,0.183156,0.097657
Lead-1_xsum_summaries.jsonl,11334,385.400476,21.730016,24.317011,16.207208,1.020469,1.172931,0.112428,0.159225,0.080880,0.016042,0.032230,0.117744,0.059743
Lead-3_cnn_dailymail_summaries.jsonl,11490,694.574151,52.900870,82.155962,23.709283,3.855352,3.379721,0.152882,0.383769,0.119332,0.169236,0.112601,0.242790,0.102384
Lead-3_xsum_summaries.jsonl,11334,385.400476,21.730016,69.362537,37.797775,1.020469,3.664461,0.302449,0.178169,0.066640,0.025407,0.030705,0.115421,0.043971
Llama_4bit_cnn_dailymail_summaries.jsonl,11490,694.574151,52.900870,71.657963,19.767990,3.855352,2.427502,0.128545,0.369048,0.102149,0.137102,0.081554,0.235906,0.080373
Llama_4bit_xsum_summaries.jsonl,11334,385.400476,21.730016,57.661196,13.581026,1.020469,2.181401,0.260558,0.236090,0.081071,0.063692,0.056994,0.164630,0.062572
TFIDF_cnn_dailymail_summaries.jsonl,11490,694.574151,52.900870,47.588512,11.882796,3.855352,2.126371,0.088116,0.268444,0.109678,0.079975,0.091035,0.173336,0.089348
TFIDF_xsum_summaries.jsonl,11334,385.400476,21.730016,44.182107,13.828895,1.020469,2.054350,0.194552,0.173593,0.071696,0.021081,0.033818,0.115082,0.048599
TextRank_cnn_dailymail_summaries.jsonl,11490,694.574151,52.900870,78.269017,21.715939,3.855352,2.320453,0.139440,0.284377,0.110924,0.087461,0.091105,0.180775,0.086722
TextRank_xsum_summaries.jsonl,11334,385.400476,21.730016,65.005911,26.438721,1.020469,2.094936,0.260517,0.165995,0.067709,0.027049,0.035185,0.114685,0.046693
