label,dataset,num_samples,bleu,rougeL,meteor,bertscore_f1,summac,qa_eval,bertscore_f1_std,summac_std,qa_eval_std,avg_news_len,avg_ref_len,avg_gen_len,std_gen_len,avg_gen_sents,avg_compression
Lead-1,cnn_dailymail,500,0.054268,0.170735,0.180508,0.856968,0.268134,,0.024226,0.060575,,620.284000,35.626000,25.092000,16.073339,1.190000,0.055184
Lead-1,xsum,500,0.006554,0.118757,0.130875,0.855915,0.829697,,0.017593,0.111942,,400.644000,21.784000,25.162000,16.440692,1.206000,0.106800
Lead-3,cnn_dailymail,500,0.072006,0.199807,0.339842,0.860241,0.546281,,0.022241,0.133800,,620.284000,35.626000,78.196000,33.122194,3.854000,0.172836
Lead-3,xsum,500,0.007165,0.114207,0.208063,0.854860,0.400234,,0.015635,0.044380,,400.644000,21.784000,71.694000,40.487812,3.762000,0.301466
TextRank,cnn_dailymail,500,0.041049,0.154018,0.244003,0.847162,0.926881,,0.019195,0.101088,,620.284000,35.626000,73.184000,19.400694,2.506000,0.156893
TextRank,xsum,500,0.008609,0.111533,0.191542,0.849217,0.308290,,0.015845,0.136919,,400.644000,21.784000,65.612000,18.832706,2.072000,0.252668
TFIDF,cnn_dailymail,500,0.043359,0.147706,0.214815,0.847567,0.310262,,0.022286,0.038488,,620.284000,35.626000,47.122000,12.006975,2.198000,0.105852
TFIDF,xsum,500,0.010074,0.116368,0.179764,0.851253,0.357950,,0.016733,0.112344,,400.644000,21.784000,43.726000,10.835023,2.040000,0.182453
Llama_None,cnn_dailymail,500,0.059857,0.210040,0.342115,0.870389,0.046287,,0.019947,0.057037,,620.284000,35.626000,75.542000,20.028843,2.378000,0.159047
Llama_None,xsum,500,0.024299,0.161175,0.273459,0.873249,0.300360,,0.018884,0.010283,,400.644000,21.784000,60.342000,12.190745,2.154000,0.247299
Llama_4bit,cnn_dailymail,500,0.056128,0.203839,0.327779,0.868501,0.979576,,0.020118,0.039449,,620.284000,35.626000,75.596000,23.521806,2.602000,0.158317
Llama_4bit,xsum,500,0.024202,0.160917,0.266473,0.872348,0.258538,,0.020088,0.005965,,400.644000,21.784000,57.868000,13.124140,2.144000,0.238090
Llama_8bit,cnn_dailymail,500,0.063234,0.215028,0.344070,0.871595,0.025769,,0.019432,0.048377,,620.284000,35.626000,72.766000,16.857509,2.296000,0.155316
Llama_8bit,xsum,500,0.023001,0.159921,0.273269,0.872510,0.748116,,0.019364,0.123965,,400.644000,21.784000,60.946000,11.869999,2.124000,0.249836
Phi-3_None,cnn_dailymail,500,0.036068,0.157427,0.296160,0.851873,0.273881,,0.016435,0.096803,,620.284000,35.626000,102.616000,10.625929,4.018000,0.234070
Phi-3_None,xsum,500,0.011414,0.110438,0.218670,0.851905,0.583907,,0.015927,0.099421,,400.644000,21.784000,102.814000,9.177355,3.828000,0.448928
Phi-3_4bit,cnn_dailymail,500,0.035175,0.160810,0.285770,0.851827,0.454096,,0.018656,0.182528,,620.284000,35.626000,94.614000,21.774878,4.152000,0.217665
Phi-3_4bit,xsum,500,0.011730,0.115643,0.220273,0.852404,0.630580,,0.017885,0.107659,,400.644000,21.784000,96.862000,14.468643,3.984000,0.423594
Phi-3_8bit,cnn_dailymail,500,0.037817,0.160312,0.301479,0.851963,0.664454,,0.016981,0.200347,,620.284000,35.626000,103.092000,10.891317,4.012000,0.234833
Phi-3_8bit,xsum,500,0.011537,0.110866,0.220067,0.852170,0.755429,,0.016220,0.122427,,400.644000,21.784000,103.296000,8.464732,3.884000,0.451682
